{
  "project_info": {
    "project_number": "766479868577",
    "project_id": "deliveryfoodapp-ed4c5",
    "storage_bucket": "deliveryfoodapp-ed4c5.appspot.com"
  },
  "client": [
    {
      "client_info": {
        "mobilesdk_app_id": "1:766479868577:android:6d7b810bb7112c5c9d86e0",
        "android_client_info": {
          "package_name": "ru.zelenskiy.deliveryfoodapp"
        }
      },
      "oauth_client": [],
      "api_key": [
        {
          "current_key": "AIzaSyDh7wuCo9o_FYbhqFDtBNFT02vqS3rE9D0"
        }
      ],
      "services": {
        "appinvite_service": {
          "other_platform_oauth_client": []
        }
      }
    }
  ],
  "configuration_version": "1"
}